[
  {
    "id": "c2954780-bb3c-4205-b422-6711dee600e6",
    "data": [
      {
        "text": "AmbiverseNER",
        "meta": "@sys.any",
        "alias": "activatecomponent",
        "userDefined": true
      },
      {
        "text": " add",
        "userDefined": false
      }
    ],
    "isTemplate": false,
    "count": 0,
    "lang": "en",
    "updated": 0
  },
  {
    "id": "b997fbda-eacb-4100-a2b7-5544908e0962",
    "data": [
      {
        "text": "add ",
        "userDefined": false
      },
      {
        "text": "query builder",
        "meta": "@sys.any",
        "alias": "activatecomponent",
        "userDefined": true
      }
    ],
    "isTemplate": false,
    "count": 0,
    "lang": "en",
    "updated": 0
  }
]