[
  {
    "id": "2a0c32ab-9a50-4092-90ff-9b8a0ae01a28",
    "data": [
      {
        "text": "remove ",
        "userDefined": false
      },
      {
        "text": "NED-DBpediaSpotlight",
        "meta": "@sys.any",
        "alias": "componentname",
        "userDefined": true
      },
      {
        "text": " component",
        "userDefined": false
      }
    ],
    "isTemplate": false,
    "count": 0,
    "lang": "en",
    "updated": 0
  },
  {
    "id": "5cd072bd-1c85-4439-b4a0-59dc1ff12692",
    "data": [
      {
        "text": "remove ",
        "userDefined": false
      },
      {
        "text": "QueryBuilderSimpleRealNameOfSuperHero",
        "meta": "@sys.any",
        "alias": "componentname",
        "userDefined": true
      }
    ],
    "isTemplate": false,
    "count": 0,
    "lang": "en",
    "updated": 0
  },
  {
    "id": "b0051a0f-280a-414e-b22a-625fd24266ff",
    "data": [
      {
        "text": "turn off ",
        "userDefined": false
      },
      {
        "text": "AmbiverseNed",
        "meta": "@sys.any",
        "alias": "componentname",
        "userDefined": true
      },
      {
        "text": " component",
        "userDefined": false
      }
    ],
    "isTemplate": false,
    "count": 0,
    "lang": "en",
    "updated": 0
  },
  {
    "id": "36011ae7-61cc-44c1-aa7e-c8cf3e5a3510",
    "data": [
      {
        "text": "turn off ",
        "userDefined": false
      },
      {
        "text": "AmbiverseNed",
        "meta": "@sys.any",
        "alias": "componentname",
        "userDefined": true
      }
    ],
    "isTemplate": false,
    "count": 0,
    "lang": "en",
    "updated": 0
  }
]