[
  {
    "id": "bb2f0e5b-e9bb-454c-9e1a-c40cb8a51af6",
    "data": [
      {
        "text": "what is your purpose",
        "userDefined": false
      }
    ],
    "isTemplate": false,
    "count": 0,
    "lang": "en",
    "updated": 0
  },
  {
    "id": "be035d57-677e-47e0-b320-055e4bf5a72e",
    "data": [
      {
        "text": "help me to understand you",
        "userDefined": false
      }
    ],
    "isTemplate": false,
    "count": 0,
    "lang": "en",
    "updated": 0
  },
  {
    "id": "9eca49af-f853-4d07-9199-7d9d13503ec3",
    "data": [
      {
        "text": "i need help",
        "userDefined": false
      }
    ],
    "isTemplate": false,
    "count": 0,
    "lang": "en",
    "updated": 0
  },
  {
    "id": "33063cc2-eb06-4cca-98da-6200fcf2153a",
    "data": [
      {
        "text": "help",
        "userDefined": false
      }
    ],
    "isTemplate": false,
    "count": 0,
    "lang": "en",
    "updated": 0
  },
  {
    "id": "de5c9f1e-b4c3-4788-8e67-61a31a80c9ca",
    "data": [
      {
        "text": "what you can do",
        "userDefined": false
      }
    ],
    "isTemplate": false,
    "count": 0,
    "lang": "en",
    "updated": 0
  },
  {
    "id": "b6456b5e-d32f-45b3-982f-1785336923dd",
    "data": [
      {
        "text": "what you can do for me",
        "userDefined": false
      }
    ],
    "isTemplate": false,
    "count": 0,
    "lang": "en",
    "updated": 0
  },
  {
    "id": "429897bb-5b7a-4c40-95cc-796490d6fad3",
    "data": [
      {
        "text": "what can you do",
        "userDefined": false
      }
    ],
    "isTemplate": false,
    "count": 0,
    "lang": "en",
    "updated": 0
  },
  {
    "id": "0aa2abc1-37dd-4064-af08-93b726ae47a5",
    "data": [
      {
        "text": "what should i do",
        "userDefined": false
      }
    ],
    "isTemplate": false,
    "count": 0,
    "lang": "en",
    "updated": 0
  },
  {
    "id": "2149883f-0dbf-442d-b9cc-a16daf1885a7",
    "data": [
      {
        "text": "what to ask",
        "userDefined": false
      }
    ],
    "isTemplate": false,
    "count": 0,
    "lang": "en",
    "updated": 0
  },
  {
    "id": "1be0ca4b-0ffd-438e-88b8-1093068fd8b0",
    "data": [
      {
        "text": "what to do",
        "userDefined": false
      }
    ],
    "isTemplate": false,
    "count": 0,
    "lang": "en",
    "updated": 0
  },
  {
    "id": "086607db-90e1-49c8-8ea1-eaeaec2127d6",
    "data": [
      {
        "text": "what can i do",
        "userDefined": false
      }
    ],
    "isTemplate": false,
    "count": 0,
    "lang": "en",
    "updated": 0
  }
]