[
  {
    "id": "a2eed168-80fc-4fa7-81c6-a652b5064617",
    "data": [
      {
        "text": "test",
        "userDefined": false
      },
      {
        "text": " sparqlsparql",
        "userDefined": false
      }
    ],
    "isTemplate": false,
    "count": 0,
    "lang": "en",
    "updated": 0
  },
  {
    "id": "5eabda30-a79c-4ddb-9ec8-6833ac448727",
    "data": [
      {
        "text": "test",
        "userDefined": false
      },
      {
        "text": " ",
        "userDefined": false
      },
      {
        "text": "sparql",
        "userDefined": false
      }
    ],
    "isTemplate": false,
    "count": 0,
    "lang": "en",
    "updated": 0
  }
]